id,name,lat,lng,address,specialty,rating,created_at,updated_at,latitude,longitude,phone,email,website,capabilities,hours,active
1,Toronto Print Hub,43.6532,-79.3832,"123 Queen St W, Toronto, ON",T-Shirts & Hoodies,4.8,2025-06-18 22:27:22.0097+00,2025-06-21 10:58:18.340501+00,43.65320000,-79.38320000,,,,"{""dtg"": false, ""embroidery"": false, ""reused_apparel"": false, ""screen_printing"": true}","{""friday"": ""9:00-17:00"", ""monday"": ""9:00-17:00"", ""sunday"": ""closed"", ""tuesday"": ""9:00-17:00"", ""saturday"": ""10:00-15:00"", ""thursday"": ""9:00-17:00"", ""wednesday"": ""9:00-17:00""}",true
2,King Street Printing,43.6481,-79.3773,"456 King St W, Toronto, ON",Business Cards & Flyers,4.9,2025-06-18 22:27:22.0097+00,2025-06-21 10:58:18.340501+00,43.64810000,-79.37730000,,,,"{""dtg"": false, ""embroidery"": false, ""reused_apparel"": false, ""screen_printing"": true}","{""friday"": ""9:00-17:00"", ""monday"": ""9:00-17:00"", ""sunday"": ""closed"", ""tuesday"": ""9:00-17:00"", ""saturday"": ""10:00-15:00"", ""thursday"": ""9:00-17:00"", ""wednesday"": ""9:00-17:00""}",true
3,Distillery Print Co.,43.6503,-79.3591,"789 Front St E, Toronto, ON",Custom Designs,4.7,2025-06-18 22:27:22.0097+00,2025-06-21 10:58:18.340501+00,43.65030000,-79.35910000,,,,"{""dtg"": false, ""embroidery"": false, ""reused_apparel"": false, ""screen_printing"": true}","{""friday"": ""9:00-17:00"", ""monday"": ""9:00-17:00"", ""sunday"": ""closed"", ""tuesday"": ""9:00-17:00"", ""saturday"": ""10:00-15:00"", ""thursday"": ""9:00-17:00"", ""wednesday"": ""9:00-17:00""}",true
4,Impression Montréal,45.5017,-73.5673,"321 Rue Saint-Denis, Montréal, QC",Sustainable Materials,4.6,2025-06-18 22:27:22.0097+00,2025-06-21 10:58:18.340501+00,45.50170000,-73.56730000,,,,"{""dtg"": false, ""embroidery"": false, ""reused_apparel"": true, ""screen_printing"": true}","{""friday"": ""9:00-17:00"", ""monday"": ""9:00-17:00"", ""sunday"": ""closed"", ""tuesday"": ""9:00-17:00"", ""saturday"": ""10:00-15:00"", ""thursday"": ""9:00-17:00"", ""wednesday"": ""9:00-17:00""}",true
5,Plateau Print Shop,45.52,-73.58,"654 Avenue du Mont-Royal, Montréal, QC",Large Format,4.8,2025-06-18 22:27:22.0097+00,2025-06-21 10:58:18.340501+00,45.52000000,-73.58000000,,,,"{""dtg"": false, ""embroidery"": false, ""reused_apparel"": false, ""screen_printing"": true}","{""friday"": ""9:00-17:00"", ""monday"": ""9:00-17:00"", ""sunday"": ""closed"", ""tuesday"": ""9:00-17:00"", ""saturday"": ""10:00-15:00"", ""thursday"": ""9:00-17:00"", ""wednesday"": ""9:00-17:00""}",true
6,Old Port Printing,45.5088,-73.554,"987 Rue Notre-Dame, Montréal, QC",Premium Quality,4.9,2025-06-18 22:27:22.0097+00,2025-06-21 10:58:18.340501+00,45.50880000,-73.55400000,,,,"{""dtg"": false, ""embroidery"": false, ""reused_apparel"": false, ""screen_printing"": true}","{""friday"": ""9:00-17:00"", ""monday"": ""9:00-17:00"", ""sunday"": ""closed"", ""tuesday"": ""9:00-17:00"", ""saturday"": ""10:00-15:00"", ""thursday"": ""9:00-17:00"", ""wednesday"": ""9:00-17:00""}",true
7,Stampede Print Co.,51.0447,-114.0719,"123 17th Ave SW, Calgary, AB",T-Shirts & Hoodies,4.7,2025-06-18 22:27:22.0097+00,2025-06-21 10:58:18.340501+00,51.04470000,-114.07190000,,,,"{""dtg"": false, ""embroidery"": false, ""reused_apparel"": false, ""screen_printing"": true}","{""friday"": ""9:00-17:00"", ""monday"": ""9:00-17:00"", ""sunday"": ""closed"", ""tuesday"": ""9:00-17:00"", ""saturday"": ""10:00-15:00"", ""thursday"": ""9:00-17:00"", ""wednesday"": ""9:00-17:00""}",true
8,Bow River Printing,51.0486,-114.0708,"456 8th Ave SW, Calgary, AB",Business Cards & Flyers,4.8,2025-06-18 22:27:22.0097+00,2025-06-21 10:58:18.340501+00,51.04860000,-114.07080000,,,,"{""dtg"": false, ""embroidery"": false, ""reused_apparel"": false, ""screen_printing"": true}","{""friday"": ""9:00-17:00"", ""monday"": ""9:00-17:00"", ""sunday"": ""closed"", ""tuesday"": ""9:00-17:00"", ""saturday"": ""10:00-15:00"", ""thursday"": ""9:00-17:00"", ""wednesday"": ""9:00-17:00""}",true
9,Kensington Print Studio,51.0515,-114.0832,"789 Kensington Rd NW, Calgary, AB",Artisan Crafts,4.6,2025-06-18 22:27:22.0097+00,2025-06-21 10:58:18.340501+00,51.05150000,-114.08320000,,,,"{""dtg"": false, ""embroidery"": false, ""reused_apparel"": false, ""screen_printing"": true}","{""friday"": ""9:00-17:00"", ""monday"": ""9:00-17:00"", ""sunday"": ""closed"", ""tuesday"": ""9:00-17:00"", ""saturday"": ""10:00-15:00"", ""thursday"": ""9:00-17:00"", ""wednesday"": ""9:00-17:00""}",true
10,Capital Print Co.,45.4215,-75.6972,"123 Bank St, Ottawa, ON",Government Printing,4.8,2025-06-18 22:27:22.0097+00,2025-06-21 10:58:18.340501+00,45.42150000,-75.69720000,,,,"{""dtg"": false, ""embroidery"": false, ""reused_apparel"": false, ""screen_printing"": true}","{""friday"": ""9:00-17:00"", ""monday"": ""9:00-17:00"", ""sunday"": ""closed"", ""tuesday"": ""9:00-17:00"", ""saturday"": ""10:00-15:00"", ""thursday"": ""9:00-17:00"", ""wednesday"": ""9:00-17:00""}",true
11,ByWard Print Solutions,45.4292,-75.6927,"456 Somerset St, Ottawa, ON",Custom Designs,4.9,2025-06-18 22:27:22.0097+00,2025-06-21 10:58:18.340501+00,45.42920000,-75.69270000,,,,"{""dtg"": false, ""embroidery"": false, ""reused_apparel"": false, ""screen_printing"": true}","{""friday"": ""9:00-17:00"", ""monday"": ""9:00-17:00"", ""sunday"": ""closed"", ""tuesday"": ""9:00-17:00"", ""saturday"": ""10:00-15:00"", ""thursday"": ""9:00-17:00"", ""wednesday"": ""9:00-17:00""}",true
12,Rideau Print Centre,45.4235,-75.6979,"321 Rideau St, Ottawa, ON",Quick Service,4.5,2025-06-18 22:27:22.0097+00,2025-06-21 10:58:18.340501+00,45.42350000,-75.69790000,,,,"{""dtg"": false, ""embroidery"": false, ""reused_apparel"": false, ""screen_printing"": true}","{""friday"": ""9:00-17:00"", ""monday"": ""9:00-17:00"", ""sunday"": ""closed"", ""tuesday"": ""9:00-17:00"", ""saturday"": ""10:00-15:00"", ""thursday"": ""9:00-17:00"", ""wednesday"": ""9:00-17:00""}",true
13,Whyte Ave Printing,53.5461,-113.4938,"789 Whyte Ave, Edmonton, AB",Eco-Friendly,4.6,2025-06-18 22:27:22.0097+00,2025-06-21 10:58:18.340501+00,53.54610000,-113.49380000,,,,"{""dtg"": false, ""embroidery"": false, ""reused_apparel"": true, ""screen_printing"": true}","{""friday"": ""9:00-17:00"", ""monday"": ""9:00-17:00"", ""sunday"": ""closed"", ""tuesday"": ""9:00-17:00"", ""saturday"": ""10:00-15:00"", ""thursday"": ""9:00-17:00"", ""wednesday"": ""9:00-17:00""}",true
14,North Saskatchewan Print,53.5444,-113.4909,"321 Jasper Ave, Edmonton, AB",Large Format,4.7,2025-06-18 22:27:22.0097+00,2025-06-21 10:58:18.340501+00,53.54440000,-113.49090000,,,,"{""dtg"": false, ""embroidery"": false, ""reused_apparel"": false, ""screen_printing"": true}","{""friday"": ""9:00-17:00"", ""monday"": ""9:00-17:00"", ""sunday"": ""closed"", ""tuesday"": ""9:00-17:00"", ""saturday"": ""10:00-15:00"", ""thursday"": ""9:00-17:00"", ""wednesday"": ""9:00-17:00""}",true
15,West Edmonton Print,53.5232,-113.625,"456 87th Ave, Edmonton, AB",Mall Services,4.4,2025-06-18 22:27:22.0097+00,2025-06-21 10:58:18.340501+00,53.52320000,-113.62500000,,,,"{""dtg"": false, ""embroidery"": false, ""reused_apparel"": false, ""screen_printing"": true}","{""friday"": ""9:00-17:00"", ""monday"": ""9:00-17:00"", ""sunday"": ""closed"", ""tuesday"": ""9:00-17:00"", ""saturday"": ""10:00-15:00"", ""thursday"": ""9:00-17:00"", ""wednesday"": ""9:00-17:00""}",true
16,Square One Printing,43.589,-79.6441,"654 Hurontario St, Mississauga, ON",Business Solutions,4.8,2025-06-18 22:27:22.0097+00,2025-06-21 10:58:18.340501+00,43.58900000,-79.64410000,,,,"{""dtg"": false, ""embroidery"": false, ""reused_apparel"": false, ""screen_printing"": true}","{""friday"": ""9:00-17:00"", ""monday"": ""9:00-17:00"", ""sunday"": ""closed"", ""tuesday"": ""9:00-17:00"", ""saturday"": ""10:00-15:00"", ""thursday"": ""9:00-17:00"", ""wednesday"": ""9:00-17:00""}",true
17,Port Credit Print,43.5448,-79.5892,"123 Lakeshore Rd W, Mississauga, ON",Waterfront Designs,4.6,2025-06-18 22:27:22.0097+00,2025-06-21 10:58:18.340501+00,43.54480000,-79.58920000,,,,"{""dtg"": false, ""embroidery"": false, ""reused_apparel"": false, ""screen_printing"": true}","{""friday"": ""9:00-17:00"", ""monday"": ""9:00-17:00"", ""sunday"": ""closed"", ""tuesday"": ""9:00-17:00"", ""saturday"": ""10:00-15:00"", ""thursday"": ""9:00-17:00"", ""wednesday"": ""9:00-17:00""}",true
18,Portage Print Hub,49.8951,-97.1384,"987 Portage Ave, Winnipeg, MB",T-Shirts & Hoodies,4.5,2025-06-18 22:27:22.0097+00,2025-06-21 10:58:18.340501+00,49.89510000,-97.13840000,,,,"{""dtg"": false, ""embroidery"": false, ""reused_apparel"": false, ""screen_printing"": true}","{""friday"": ""9:00-17:00"", ""monday"": ""9:00-17:00"", ""sunday"": ""closed"", ""tuesday"": ""9:00-17:00"", ""saturday"": ""10:00-15:00"", ""thursday"": ""9:00-17:00"", ""wednesday"": ""9:00-17:00""}",true
19,Exchange District Print,49.8988,-97.1372,"147 Main St, Winnipeg, MB",Vintage Designs,4.7,2025-06-18 22:27:22.0097+00,2025-06-21 10:58:18.340501+00,49.89880000,-97.13720000,,,,"{""dtg"": false, ""embroidery"": false, ""reused_apparel"": false, ""screen_printing"": true}","{""friday"": ""9:00-17:00"", ""monday"": ""9:00-17:00"", ""sunday"": ""closed"", ""tuesday"": ""9:00-17:00"", ""saturday"": ""10:00-15:00"", ""thursday"": ""9:00-17:00"", ""wednesday"": ""9:00-17:00""}",true
20,Osborne Village Print,49.8844,-97.1372,"258 Canada St, Winnipeg, MB",Trendy Apparel,4.6,2025-06-18 22:27:22.0097+00,2025-06-21 10:58:18.340501+00,49.88440000,-97.13720000,,,,"{""dtg"": false, ""embroidery"": false, ""reused_apparel"": false, ""screen_printing"": true}","{""friday"": ""9:00-17:00"", ""monday"": ""9:00-17:00"", ""sunday"": ""closed"", ""tuesday"": ""9:00-17:00"", ""saturday"": ""10:00-15:00"", ""thursday"": ""9:00-17:00"", ""wednesday"": ""9:00-17:00""}",true
21,Granville Print Co.,49.2827,-123.1207,"258 Granville St, Vancouver, BC",Sustainable Materials,4.9,2025-06-18 22:27:22.0097+00,2025-06-21 10:58:18.340501+00,49.28270000,-123.12070000,,,,"{""dtg"": false, ""embroidery"": false, ""reused_apparel"": true, ""screen_printing"": true}","{""friday"": ""9:00-17:00"", ""monday"": ""9:00-17:00"", ""sunday"": ""closed"", ""tuesday"": ""9:00-17:00"", ""saturday"": ""10:00-15:00"", ""thursday"": ""9:00-17:00"", ""wednesday"": ""9:00-17:00""}",true
22,Gastown Printing,49.2845,-123.1088,"369 Water St, Vancouver, BC",Premium Quality,4.8,2025-06-18 22:27:22.0097+00,2025-06-21 10:58:18.340501+00,49.28450000,-123.10880000,,,,"{""dtg"": false, ""embroidery"": false, ""reused_apparel"": false, ""screen_printing"": true}","{""friday"": ""9:00-17:00"", ""monday"": ""9:00-17:00"", ""sunday"": ""closed"", ""tuesday"": ""9:00-17:00"", ""saturday"": ""10:00-15:00"", ""thursday"": ""9:00-17:00"", ""wednesday"": ""9:00-17:00""}",true
23,Commercial Drive Print,49.2606,-123.0695,"741 Commercial Dr, Vancouver, BC",Custom Designs,4.6,2025-06-18 22:27:22.0097+00,2025-06-21 10:58:18.340501+00,49.26060000,-123.06950000,,,,"{""dtg"": false, ""embroidery"": false, ""reused_apparel"": false, ""screen_printing"": true}","{""friday"": ""9:00-17:00"", ""monday"": ""9:00-17:00"", ""sunday"": ""closed"", ""tuesday"": ""9:00-17:00"", ""saturday"": ""10:00-15:00"", ""thursday"": ""9:00-17:00"", ""wednesday"": ""9:00-17:00""}",true
24,Kitsilano Print Studio,49.2688,-123.154,"852 4th Ave W, Vancouver, BC",Beach Lifestyle,4.7,2025-06-18 22:27:22.0097+00,2025-06-21 10:58:18.340501+00,49.26880000,-123.15400000,,,,"{""dtg"": false, ""embroidery"": false, ""reused_apparel"": false, ""screen_printing"": true}","{""friday"": ""9:00-17:00"", ""monday"": ""9:00-17:00"", ""sunday"": ""closed"", ""tuesday"": ""9:00-17:00"", ""saturday"": ""10:00-15:00"", ""thursday"": ""9:00-17:00"", ""wednesday"": ""9:00-17:00""}",true
25,Bramalea Print Solutions,43.7315,-79.7624,"852 Main St N, Brampton, ON",Business Cards,4.4,2025-06-18 22:27:22.0097+00,2025-06-21 10:58:18.340501+00,43.73150000,-79.76240000,,,,"{""dtg"": false, ""embroidery"": false, ""reused_apparel"": false, ""screen_printing"": true}","{""friday"": ""9:00-17:00"", ""monday"": ""9:00-17:00"", ""sunday"": ""closed"", ""tuesday"": ""9:00-17:00"", ""saturday"": ""10:00-15:00"", ""thursday"": ""9:00-17:00"", ""wednesday"": ""9:00-17:00""}",true
26,Heart Lake Print,43.7532,-79.7624,"963 Bovaird Dr E, Brampton, ON",Community Events,4.5,2025-06-18 22:27:22.0097+00,2025-06-21 10:58:18.340501+00,43.75320000,-79.76240000,,,,"{""dtg"": false, ""embroidery"": false, ""reused_apparel"": false, ""screen_printing"": true}","{""friday"": ""9:00-17:00"", ""monday"": ""9:00-17:00"", ""sunday"": ""closed"", ""tuesday"": ""9:00-17:00"", ""saturday"": ""10:00-15:00"", ""thursday"": ""9:00-17:00"", ""wednesday"": ""9:00-17:00""}",true
27,Steel City Printing,43.2557,-79.8711,"963 King St E, Hamilton, ON",Industrial Printing,4.7,2025-06-18 22:27:22.0097+00,2025-06-21 10:58:18.340501+00,43.25570000,-79.87110000,,,,"{""dtg"": false, ""embroidery"": false, ""reused_apparel"": false, ""screen_printing"": true}","{""friday"": ""9:00-17:00"", ""monday"": ""9:00-17:00"", ""sunday"": ""closed"", ""tuesday"": ""9:00-17:00"", ""saturday"": ""10:00-15:00"", ""thursday"": ""9:00-17:00"", ""wednesday"": ""9:00-17:00""}",true
28,Locke Street Print,43.2501,-79.8711,"174 Locke St S, Hamilton, ON",Artisan Goods,4.8,2025-06-18 22:27:22.0097+00,2025-06-21 10:58:18.340501+00,43.25010000,-79.87110000,,,,"{""dtg"": false, ""embroidery"": false, ""reused_apparel"": false, ""screen_printing"": true}","{""friday"": ""9:00-17:00"", ""monday"": ""9:00-17:00"", ""sunday"": ""closed"", ""tuesday"": ""9:00-17:00"", ""saturday"": ""10:00-15:00"", ""thursday"": ""9:00-17:00"", ""wednesday"": ""9:00-17:00""}",true
29,Vieux-Québec Print,46.8139,-71.208,"174 Rue Saint-Jean, Québec, QC",Heritage Designs,4.8,2025-06-18 22:27:22.0097+00,2025-06-21 10:58:18.340501+00,46.81390000,-71.20800000,,,,"{""dtg"": false, ""embroidery"": false, ""reused_apparel"": false, ""screen_printing"": true}","{""friday"": ""9:00-17:00"", ""monday"": ""9:00-17:00"", ""sunday"": ""closed"", ""tuesday"": ""9:00-17:00"", ""saturday"": ""10:00-15:00"", ""thursday"": ""9:00-17:00"", ""wednesday"": ""9:00-17:00""}",true
30,Château Frontenac Printing,46.8118,-71.2058,"285 Rue Saint-Louis, Québec, QC",Luxury Materials,4.9,2025-06-18 22:27:22.0097+00,2025-06-21 10:58:18.340501+00,46.81180000,-71.20580000,,,,"{""dtg"": false, ""embroidery"": false, ""reused_apparel"": false, ""screen_printing"": true}","{""friday"": ""9:00-17:00"", ""monday"": ""9:00-17:00"", ""sunday"": ""closed"", ""tuesday"": ""9:00-17:00"", ""saturday"": ""10:00-15:00"", ""thursday"": ""9:00-17:00"", ""wednesday"": ""9:00-17:00""}",true
31,Sainte-Foy Print,46.7712,-71.2946,"396 Chemin Sainte-Foy, Québec, QC",University Services,4.6,2025-06-18 22:27:22.0097+00,2025-06-21 10:58:18.340501+00,46.77120000,-71.29460000,,,,"{""dtg"": false, ""embroidery"": false, ""reused_apparel"": false, ""screen_printing"": true}","{""friday"": ""9:00-17:00"", ""monday"": ""9:00-17:00"", ""sunday"": ""closed"", ""tuesday"": ""9:00-17:00"", ""saturday"": ""10:00-15:00"", ""thursday"": ""9:00-17:00"", ""wednesday"": ""9:00-17:00""}",true
32,Fraser Valley Print,49.1913,-122.849,"396 King George Blvd, Surrey, BC",Large Format,4.5,2025-06-18 22:27:22.0097+00,2025-06-21 10:58:18.340501+00,49.19130000,-122.84900000,,,,"{""dtg"": false, ""embroidery"": false, ""reused_apparel"": false, ""screen_printing"": true}","{""friday"": ""9:00-17:00"", ""monday"": ""9:00-17:00"", ""sunday"": ""closed"", ""tuesday"": ""9:00-17:00"", ""saturday"": ""10:00-15:00"", ""thursday"": ""9:00-17:00"", ""wednesday"": ""9:00-17:00""}",true
33,Guildford Print Centre,49.1867,-122.8,"507 152nd St, Surrey, BC",Shopping Centre,4.4,2025-06-18 22:27:22.0097+00,2025-06-21 10:58:18.340501+00,49.18670000,-122.80000000,,,,"{""dtg"": false, ""embroidery"": false, ""reused_apparel"": false, ""screen_printing"": true}","{""friday"": ""9:00-17:00"", ""monday"": ""9:00-17:00"", ""sunday"": ""closed"", ""tuesday"": ""9:00-17:00"", ""saturday"": ""10:00-15:00"", ""thursday"": ""9:00-17:00"", ""wednesday"": ""9:00-17:00""}",true
34,Laval Print Express,45.6066,-73.7124,"507 Boulevard Saint-Martin, Laval, QC",Quick Turnaround,4.6,2025-06-18 22:27:22.0097+00,2025-06-21 10:58:18.340501+00,45.60660000,-73.71240000,,,,"{""dtg"": false, ""embroidery"": false, ""reused_apparel"": false, ""screen_printing"": true}","{""friday"": ""9:00-17:00"", ""monday"": ""9:00-17:00"", ""sunday"": ""closed"", ""tuesday"": ""9:00-17:00"", ""saturday"": ""10:00-15:00"", ""thursday"": ""9:00-17:00"", ""wednesday"": ""9:00-17:00""}",true
35,Centropolis Print,45.5598,-73.7124,"618 Boulevard des Laurentides, Laval, QC",Entertainment District,4.5,2025-06-18 22:27:22.0097+00,2025-06-21 10:58:18.340501+00,45.55980000,-73.71240000,,,,"{""dtg"": false, ""embroidery"": false, ""reused_apparel"": false, ""screen_printing"": true}","{""friday"": ""9:00-17:00"", ""monday"": ""9:00-17:00"", ""sunday"": ""closed"", ""tuesday"": ""9:00-17:00"", ""saturday"": ""10:00-15:00"", ""thursday"": ""9:00-17:00"", ""wednesday"": ""9:00-17:00""}",true
36,Halifax Harbour Print,44.6488,-63.5752,"618 Barrington St, Halifax, NS",Maritime Themes,4.7,2025-06-18 22:27:22.0097+00,2025-06-21 10:58:18.340501+00,44.64880000,-63.57520000,,,,"{""dtg"": false, ""embroidery"": false, ""reused_apparel"": false, ""screen_printing"": true}","{""friday"": ""9:00-17:00"", ""monday"": ""9:00-17:00"", ""sunday"": ""closed"", ""tuesday"": ""9:00-17:00"", ""saturday"": ""10:00-15:00"", ""thursday"": ""9:00-17:00"", ""wednesday"": ""9:00-17:00""}",true
37,Spring Garden Printing,44.6426,-63.5769,"729 Spring Garden Rd, Halifax, NS",Local Artists,4.8,2025-06-18 22:27:22.0097+00,2025-06-21 10:58:18.340501+00,44.64260000,-63.57690000,,,,"{""dtg"": false, ""embroidery"": false, ""reused_apparel"": false, ""screen_printing"": true}","{""friday"": ""9:00-17:00"", ""monday"": ""9:00-17:00"", ""sunday"": ""closed"", ""tuesday"": ""9:00-17:00"", ""saturday"": ""10:00-15:00"", ""thursday"": ""9:00-17:00"", ""wednesday"": ""9:00-17:00""}",true
38,Dartmouth Print Co.,44.682,-63.5752,"830 Portland St, Dartmouth, NS",Waterfront Views,4.6,2025-06-18 22:27:22.0097+00,2025-06-21 10:58:18.340501+00,44.68200000,-63.57520000,,,,"{""dtg"": false, ""embroidery"": false, ""reused_apparel"": false, ""screen_printing"": true}","{""friday"": ""9:00-17:00"", ""monday"": ""9:00-17:00"", ""sunday"": ""closed"", ""tuesday"": ""9:00-17:00"", ""saturday"": ""10:00-15:00"", ""thursday"": ""9:00-17:00"", ""wednesday"": ""9:00-17:00""}",true
39,Thames Valley Print,42.9849,-81.2453,"830 Richmond St, London, ON",University Merch,4.6,2025-06-18 22:27:22.0097+00,2025-06-21 10:58:18.340501+00,42.98490000,-81.24530000,,,,"{""dtg"": false, ""embroidery"": false, ""reused_apparel"": false, ""screen_printing"": true}","{""friday"": ""9:00-17:00"", ""monday"": ""9:00-17:00"", ""sunday"": ""closed"", ""tuesday"": ""9:00-17:00"", ""saturday"": ""10:00-15:00"", ""thursday"": ""9:00-17:00"", ""wednesday"": ""9:00-17:00""}",true
40,Covent Garden Print,42.9837,-81.2497,"941 Dundas St, London, ON",Market District,4.7,2025-06-18 22:27:22.0097+00,2025-06-21 10:58:18.340501+00,42.98370000,-81.24970000,,,,"{""dtg"": false, ""embroidery"": false, ""reused_apparel"": false, ""screen_printing"": true}","{""friday"": ""9:00-17:00"", ""monday"": ""9:00-17:00"", ""sunday"": ""closed"", ""tuesday"": ""9:00-17:00"", ""saturday"": ""10:00-15:00"", ""thursday"": ""9:00-17:00"", ""wednesday"": ""9:00-17:00""}",true
41,Markham Print Centre,43.8561,-79.337,"941 Highway 7, Markham, ON",Tech Company Swag,4.7,2025-06-18 22:27:22.0097+00,2025-06-21 10:58:18.340501+00,43.85610000,-79.33700000,,,,"{""dtg"": false, ""embroidery"": false, ""reused_apparel"": false, ""screen_printing"": true}","{""friday"": ""9:00-17:00"", ""monday"": ""9:00-17:00"", ""sunday"": ""closed"", ""tuesday"": ""9:00-17:00"", ""saturday"": ""10:00-15:00"", ""thursday"": ""9:00-17:00"", ""wednesday"": ""9:00-17:00""}",true
42,Unionville Print Studio,43.8642,-79.3111,"152 Main St Unionville, Markham, ON",Historic Village,4.8,2025-06-18 22:27:22.0097+00,2025-06-21 10:58:18.340501+00,43.86420000,-79.31110000,,,,"{""dtg"": false, ""embroidery"": false, ""reused_apparel"": false, ""screen_printing"": true}","{""friday"": ""9:00-17:00"", ""monday"": ""9:00-17:00"", ""sunday"": ""closed"", ""tuesday"": ""9:00-17:00"", ""saturday"": ""10:00-15:00"", ""thursday"": ""9:00-17:00"", ""wednesday"": ""9:00-17:00""}",true
43,Outaouais Print Shop,45.4765,-75.7013,"152 Boulevard Gréber, Gatineau, QC",Bilingual Services,4.5,2025-06-18 22:27:22.0097+00,2025-06-21 10:58:18.340501+00,45.47650000,-75.70130000,,,,"{""dtg"": false, ""embroidery"": false, ""reused_apparel"": false, ""screen_printing"": true}","{""friday"": ""9:00-17:00"", ""monday"": ""9:00-17:00"", ""sunday"": ""closed"", ""tuesday"": ""9:00-17:00"", ""saturday"": ""10:00-15:00"", ""thursday"": ""9:00-17:00"", ""wednesday"": ""9:00-17:00""}",true
44,Hull Print Express,45.4286,-75.7138,"263 Rue Montcalm, Gatineau, QC",Government Services,4.6,2025-06-18 22:27:22.0097+00,2025-06-21 10:58:18.340501+00,45.42860000,-75.71380000,,,,"{""dtg"": false, ""embroidery"": false, ""reused_apparel"": false, ""screen_printing"": true}","{""friday"": ""9:00-17:00"", ""monday"": ""9:00-17:00"", ""sunday"": ""closed"", ""tuesday"": ""9:00-17:00"", ""saturday"": ""10:00-15:00"", ""thursday"": ""9:00-17:00"", ""wednesday"": ""9:00-17:00""}",true
45,Prairie Print Co.,52.1579,-106.6702,"263 2nd Ave S, Saskatoon, SK",Agricultural Themes,4.6,2025-06-18 22:27:22.0097+00,2025-06-21 10:58:18.340501+00,52.15790000,-106.67020000,,,,"{""dtg"": false, ""embroidery"": false, ""reused_apparel"": false, ""screen_printing"": true}","{""friday"": ""9:00-17:00"", ""monday"": ""9:00-17:00"", ""sunday"": ""closed"", ""tuesday"": ""9:00-17:00"", ""saturday"": ""10:00-15:00"", ""thursday"": ""9:00-17:00"", ""wednesday"": ""9:00-17:00""}",true
46,Broadway Print Studio,52.1332,-106.67,"374 Broadway Ave, Saskatoon, SK",Arts District,4.7,2025-06-18 22:27:22.0097+00,2025-06-21 10:58:18.340501+00,52.13320000,-106.67000000,,,,"{""dtg"": false, ""embroidery"": false, ""reused_apparel"": false, ""screen_printing"": true}","{""friday"": ""9:00-17:00"", ""monday"": ""9:00-17:00"", ""sunday"": ""closed"", ""tuesday"": ""9:00-17:00"", ""saturday"": ""10:00-15:00"", ""thursday"": ""9:00-17:00"", ""wednesday"": ""9:00-17:00""}",true
47,South Shore Printing,45.5312,-73.5185,"374 Rue Saint-Charles, Longueuil, QC",Family Business,4.4,2025-06-18 22:27:22.0097+00,2025-06-21 10:58:18.340501+00,45.53120000,-73.51850000,,,,"{""dtg"": false, ""embroidery"": false, ""reused_apparel"": false, ""screen_printing"": true}","{""friday"": ""9:00-17:00"", ""monday"": ""9:00-17:00"", ""sunday"": ""closed"", ""tuesday"": ""9:00-17:00"", ""saturday"": ""10:00-15:00"", ""thursday"": ""9:00-17:00"", ""wednesday"": ""9:00-17:00""}",true
48,Vieux-Longueuil Print,45.5372,-73.5185,"485 Chemin de Chambly, Longueuil, QC",Historic Quarter,4.5,2025-06-18 22:27:22.0097+00,2025-06-21 10:58:18.340501+00,45.53720000,-73.51850000,,,,"{""dtg"": false, ""embroidery"": false, ""reused_apparel"": false, ""screen_printing"": true}","{""friday"": ""9:00-17:00"", ""monday"": ""9:00-17:00"", ""sunday"": ""closed"", ""tuesday"": ""9:00-17:00"", ""saturday"": ""10:00-15:00"", ""thursday"": ""9:00-17:00"", ""wednesday"": ""9:00-17:00""}",true
49,Metrotown Print Hub,49.2237,-122.9965,"485 Central Blvd, Burnaby, BC",Shopping Mall Kiosks,4.5,2025-06-18 22:27:22.0097+00,2025-06-21 10:58:18.340501+00,49.22370000,-122.99650000,,,,"{""dtg"": false, ""embroidery"": false, ""reused_apparel"": false, ""screen_printing"": true}","{""friday"": ""9:00-17:00"", ""monday"": ""9:00-17:00"", ""sunday"": ""closed"", ""tuesday"": ""9:00-17:00"", ""saturday"": ""10:00-15:00"", ""thursday"": ""9:00-17:00"", ""wednesday"": ""9:00-17:00""}",true
50,Brentwood Print Centre,49.2667,-123.0167,"596 Lougheed Hwy, Burnaby, BC",Transit Hub,4.4,2025-06-18 22:27:22.0097+00,2025-06-21 10:58:18.340501+00,49.26670000,-123.01670000,,,,"{""dtg"": false, ""embroidery"": false, ""reused_apparel"": false, ""screen_printing"": true}","{""friday"": ""9:00-17:00"", ""monday"": ""9:00-17:00"", ""sunday"": ""closed"", ""tuesday"": ""9:00-17:00"", ""saturday"": ""10:00-15:00"", ""thursday"": ""9:00-17:00"", ""wednesday"": ""9:00-17:00""}",true
51,Queen City Print,50.4452,-104.6189,"596 Victoria Ave, Regina, SK",Government Services,4.7,2025-06-18 22:27:22.0097+00,2025-06-21 10:58:18.340501+00,50.44520000,-104.61890000,,,,"{""dtg"": false, ""embroidery"": false, ""reused_apparel"": false, ""screen_printing"": true}","{""friday"": ""9:00-17:00"", ""monday"": ""9:00-17:00"", ""sunday"": ""closed"", ""tuesday"": ""9:00-17:00"", ""saturday"": ""10:00-15:00"", ""thursday"": ""9:00-17:00"", ""wednesday"": ""9:00-17:00""}",true
52,Cathedral Print Studio,50.4515,-104.6189,"607 13th Ave, Regina, SK",Historic District,4.6,2025-06-18 22:27:22.0097+00,2025-06-21 10:58:18.340501+00,50.45150000,-104.61890000,,,,"{""dtg"": false, ""embroidery"": false, ""reused_apparel"": false, ""screen_printing"": true}","{""friday"": ""9:00-17:00"", ""monday"": ""9:00-17:00"", ""sunday"": ""closed"", ""tuesday"": ""9:00-17:00"", ""saturday"": ""10:00-15:00"", ""thursday"": ""9:00-17:00"", ""wednesday"": ""9:00-17:00""}",true
53,Richmond Centre Print,49.1666,-123.1336,"607 No. 3 Rd, Richmond, BC",Multicultural Designs,4.6,2025-06-18 22:27:22.0097+00,2025-06-21 10:58:18.340501+00,49.16660000,-123.13360000,,,,"{""dtg"": false, ""embroidery"": false, ""reused_apparel"": false, ""screen_printing"": true}","{""friday"": ""9:00-17:00"", ""monday"": ""9:00-17:00"", ""sunday"": ""closed"", ""tuesday"": ""9:00-17:00"", ""saturday"": ""10:00-15:00"", ""thursday"": ""9:00-17:00"", ""wednesday"": ""9:00-17:00""}",true
54,Steveston Print Co.,49.1251,-123.1336,"718 Moncton St, Richmond, BC",Fishing Village,4.7,2025-06-18 22:27:22.0097+00,2025-06-21 10:58:18.340501+00,49.12510000,-123.13360000,,,,"{""dtg"": false, ""embroidery"": false, ""reused_apparel"": false, ""screen_printing"": true}","{""friday"": ""9:00-17:00"", ""monday"": ""9:00-17:00"", ""sunday"": ""closed"", ""tuesday"": ""9:00-17:00"", ""saturday"": ""10:00-15:00"", ""thursday"": ""9:00-17:00"", ""wednesday"": ""9:00-17:00""}",true
55,Richmond Hill Print,43.8828,-79.4403,"829 Yonge St, Richmond Hill, ON",Suburban Services,4.5,2025-06-18 22:27:22.0097+00,2025-06-21 10:58:18.340501+00,43.88280000,-79.44030000,,,,"{""dtg"": false, ""embroidery"": false, ""reused_apparel"": false, ""screen_printing"": true}","{""friday"": ""9:00-17:00"", ""monday"": ""9:00-17:00"", ""sunday"": ""closed"", ""tuesday"": ""9:00-17:00"", ""saturday"": ""10:00-15:00"", ""thursday"": ""9:00-17:00"", ""wednesday"": ""9:00-17:00""}",true
56,Fraser Valley Print Co.,49.0504,-122.3045,"940 South Fraser Way, Abbotsford, BC",Agricultural Community,4.6,2025-06-18 22:27:22.0097+00,2025-06-21 10:58:18.340501+00,49.05040000,-122.30450000,,,,"{""dtg"": false, ""embroidery"": false, ""reused_apparel"": false, ""screen_printing"": true}","{""friday"": ""9:00-17:00"", ""monday"": ""9:00-17:00"", ""sunday"": ""closed"", ""tuesday"": ""9:00-17:00"", ""saturday"": ""10:00-15:00"", ""thursday"": ""9:00-17:00"", ""wednesday"": ""9:00-17:00""}",true
57,Oakville Print Studio,43.4675,-79.6877,"151 Lakeshore Rd E, Oakville, ON",Lakefront Luxury,4.8,2025-06-18 22:27:22.0097+00,2025-06-21 10:58:18.340501+00,43.46750000,-79.68770000,,,,"{""dtg"": false, ""embroidery"": false, ""reused_apparel"": false, ""screen_printing"": true}","{""friday"": ""9:00-17:00"", ""monday"": ""9:00-17:00"", ""sunday"": ""closed"", ""tuesday"": ""9:00-17:00"", ""saturday"": ""10:00-15:00"", ""thursday"": ""9:00-17:00"", ""wednesday"": ""9:00-17:00""}",true
58,Niagara Print Co.,43.1594,-79.2469,"262 St. Paul St, St. Catharines, ON",Wine Country,4.7,2025-06-18 22:27:22.0097+00,2025-06-21 10:58:18.340501+00,43.15940000,-79.24690000,,,,"{""dtg"": false, ""embroidery"": false, ""reused_apparel"": false, ""screen_printing"": true}","{""friday"": ""9:00-17:00"", ""monday"": ""9:00-17:00"", ""sunday"": ""closed"", ""tuesday"": ""9:00-17:00"", ""saturday"": ""10:00-15:00"", ""thursday"": ""9:00-17:00"", ""wednesday"": ""9:00-17:00""}",true
59,Grand River Print,43.3616,-80.3144,"373 Hespeler Rd, Cambridge, ON",Tech Hub,4.6,2025-06-18 22:27:22.0097+00,2025-06-21 10:58:18.340501+00,43.36160000,-80.31440000,,,,"{""dtg"": false, ""embroidery"": false, ""reused_apparel"": false, ""screen_printing"": true}","{""friday"": ""9:00-17:00"", ""monday"": ""9:00-17:00"", ""sunday"": ""closed"", ""tuesday"": ""9:00-17:00"", ""saturday"": ""10:00-15:00"", ""thursday"": ""9:00-17:00"", ""wednesday"": ""9:00-17:00""}",true
60,Limestone City Print,44.2312,-76.486,"484 Princess St, Kingston, ON",University Town,4.7,2025-06-18 22:27:22.0097+00,2025-06-21 10:58:18.340501+00,44.23120000,-76.48600000,,,,"{""dtg"": false, ""embroidery"": false, ""reused_apparel"": false, ""screen_printing"": true}","{""friday"": ""9:00-17:00"", ""monday"": ""9:00-17:00"", ""sunday"": ""closed"", ""tuesday"": ""9:00-17:00"", ""saturday"": ""10:00-15:00"", ""thursday"": ""9:00-17:00"", ""wednesday"": ""9:00-17:00""}",true
61,Whitby Print Centre,43.8975,-78.9429,"595 Dundas St W, Whitby, ON",Durham Region,4.5,2025-06-18 22:27:22.0097+00,2025-06-21 10:58:18.340501+00,43.89750000,-78.94290000,,,,"{""dtg"": false, ""embroidery"": false, ""reused_apparel"": false, ""screen_printing"": true}","{""friday"": ""9:00-17:00"", ""monday"": ""9:00-17:00"", ""sunday"": ""closed"", ""tuesday"": ""9:00-17:00"", ""saturday"": ""10:00-15:00"", ""thursday"": ""9:00-17:00"", ""wednesday"": ""9:00-17:00""}",true
62,Royal City Print,43.5448,-80.2482,"606 Woolwich St, Guelph, ON",University Services,4.6,2025-06-18 22:27:22.0097+00,2025-06-21 10:58:18.340501+00,43.54480000,-80.24820000,,,,"{""dtg"": false, ""embroidery"": false, ""reused_apparel"": false, ""screen_printing"": true}","{""friday"": ""9:00-17:00"", ""monday"": ""9:00-17:00"", ""sunday"": ""closed"", ""tuesday"": ""9:00-17:00"", ""saturday"": ""10:00-15:00"", ""thursday"": ""9:00-17:00"", ""wednesday"": ""9:00-17:00""}",true
63,Okanagan Print Co.,49.888,-119.496,"717 Bernard Ave, Kelowna, BC",Wine & Tourism,4.8,2025-06-18 22:27:22.0097+00,2025-06-21 10:58:18.340501+00,49.88800000,-119.49600000,,,,"{""dtg"": false, ""embroidery"": false, ""reused_apparel"": false, ""screen_printing"": true}","{""friday"": ""9:00-17:00"", ""monday"": ""9:00-17:00"", ""sunday"": ""closed"", ""tuesday"": ""9:00-17:00"", ""saturday"": ""10:00-15:00"", ""thursday"": ""9:00-17:00"", ""wednesday"": ""9:00-17:00""}",true
64,Waterloo Region Print,43.4516,-80.4925,"828 King St W, Kitchener, ON",Tech Innovation,4.7,2025-06-18 22:27:22.0097+00,2025-06-21 10:58:18.340501+00,43.45160000,-80.49250000,,,,"{""dtg"": false, ""embroidery"": false, ""reused_apparel"": false, ""screen_printing"": true}","{""friday"": ""9:00-17:00"", ""monday"": ""9:00-17:00"", ""sunday"": ""closed"", ""tuesday"": ""9:00-17:00"", ""saturday"": ""10:00-15:00"", ""thursday"": ""9:00-17:00"", ""wednesday"": ""9:00-17:00""}",true
65,Border City Print,42.3149,-83.0364,"939 Ouellette Ave, Windsor, ON",Automotive Industry,4.6,2025-06-18 22:27:22.0097+00,2025-06-21 10:58:18.340501+00,42.31490000,-83.03640000,,,,"{""dtg"": false, ""embroidery"": false, ""reused_apparel"": false, ""screen_printing"": true}","{""friday"": ""9:00-17:00"", ""monday"": ""9:00-17:00"", ""sunday"": ""closed"", ""tuesday"": ""9:00-17:00"", ""saturday"": ""10:00-15:00"", ""thursday"": ""9:00-17:00"", ""wednesday"": ""9:00-17:00""}",true
66,Vaughan Mills Print,43.8361,-79.5389,"150 Bass Pro Mills Dr, Vaughan, ON",Shopping Complex,4.5,2025-06-18 22:27:22.0097+00,2025-06-21 10:58:18.340501+00,43.83610000,-79.53890000,,,,"{""dtg"": false, ""embroidery"": false, ""reused_apparel"": false, ""screen_printing"": true}","{""friday"": ""9:00-17:00"", ""monday"": ""9:00-17:00"", ""sunday"": ""closed"", ""tuesday"": ""9:00-17:00"", ""saturday"": ""10:00-15:00"", ""thursday"": ""9:00-17:00"", ""wednesday"": ""9:00-17:00""}",true
67,University Print Hub,43.4643,-80.5204,"261 University Ave W, Waterloo, ON",Student Services,4.6,2025-06-18 22:27:22.0097+00,2025-06-21 10:58:18.340501+00,43.46430000,-80.52040000,,,,"{""dtg"": false, ""embroidery"": false, ""reused_apparel"": false, ""screen_printing"": true}","{""friday"": ""9:00-17:00"", ""monday"": ""9:00-17:00"", ""sunday"": ""closed"", ""tuesday"": ""9:00-17:00"", ""saturday"": ""10:00-15:00"", ""thursday"": ""9:00-17:00"", ""wednesday"": ""9:00-17:00""}",true
68,Tri-Cities Print,49.2838,-122.7932,"372 North Rd, Coquitlam, BC",Family Community,4.5,2025-06-18 22:27:22.0097+00,2025-06-21 10:58:18.340501+00,49.28380000,-122.79320000,,,,"{""dtg"": false, ""embroidery"": false, ""reused_apparel"": false, ""screen_printing"": true}","{""friday"": ""9:00-17:00"", ""monday"": ""9:00-17:00"", ""sunday"": ""closed"", ""tuesday"": ""9:00-17:00"", ""saturday"": ""10:00-15:00"", ""thursday"": ""9:00-17:00"", ""wednesday"": ""9:00-17:00""}",true
69,Nickel City Print,46.4917,-80.993,"483 Elm St, Sudbury, ON",Mining Heritage,4.6,2025-06-18 22:27:22.0097+00,2025-06-21 10:58:18.340501+00,46.49170000,-80.99300000,,,,"{""dtg"": false, ""embroidery"": false, ""reused_apparel"": false, ""screen_printing"": true}","{""friday"": ""9:00-17:00"", ""monday"": ""9:00-17:00"", ""sunday"": ""closed"", ""tuesday"": ""9:00-17:00"", ""saturday"": ""10:00-15:00"", ""thursday"": ""9:00-17:00"", ""wednesday"": ""9:00-17:00""}",true
70,Simcoe County Print,44.3894,-79.6903,"594 Dunlop St E, Barrie, ON",Cottage Country,4.7,2025-06-18 22:27:22.0097+00,2025-06-21 10:58:18.340501+00,44.38940000,-79.69030000,,,,"{""dtg"": false, ""embroidery"": false, ""reused_apparel"": false, ""screen_printing"": true}","{""friday"": ""9:00-17:00"", ""monday"": ""9:00-17:00"", ""sunday"": ""closed"", ""tuesday"": ""9:00-17:00"", ""saturday"": ""10:00-15:00"", ""thursday"": ""9:00-17:00"", ""wednesday"": ""9:00-17:00""}",true
71,Motor City Print,43.8971,-78.8658,"705 Simcoe St S, Oshawa, ON",Automotive Heritage,4.5,2025-06-18 22:27:22.0097+00,2025-06-21 10:58:18.340501+00,43.89710000,-78.86580000,,,,"{""dtg"": false, ""embroidery"": false, ""reused_apparel"": false, ""screen_printing"": true}","{""friday"": ""9:00-17:00"", ""monday"": ""9:00-17:00"", ""sunday"": ""closed"", ""tuesday"": ""9:00-17:00"", ""saturday"": ""10:00-15:00"", ""thursday"": ""9:00-17:00"", ""wednesday"": ""9:00-17:00""}",true
72,Newfoundland Print Co.,47.5615,-52.7126,"816 Water St, St. John's, NL",Atlantic Culture,4.8,2025-06-18 22:27:22.0097+00,2025-06-21 10:58:18.340501+00,47.56150000,-52.71260000,,,,"{""dtg"": false, ""embroidery"": false, ""reused_apparel"": false, ""screen_printing"": true}","{""friday"": ""9:00-17:00"", ""monday"": ""9:00-17:00"", ""sunday"": ""closed"", ""tuesday"": ""9:00-17:00"", ""saturday"": ""10:00-15:00"", ""thursday"": ""9:00-17:00"", ""wednesday"": ""9:00-17:00""}",true
73,Lakehead Print Studio,48.3809,-89.2477,"927 Red River Rd, Thunder Bay, ON",Northern Ontario,4.6,2025-06-18 22:27:22.0097+00,2025-06-21 10:58:18.340501+00,48.38090000,-89.24770000,,,,"{""dtg"": false, ""embroidery"": false, ""reused_apparel"": false, ""screen_printing"": true}","{""friday"": ""9:00-17:00"", ""monday"": ""9:00-17:00"", ""sunday"": ""closed"", ""tuesday"": ""9:00-17:00"", ""saturday"": ""10:00-15:00"", ""thursday"": ""9:00-17:00"", ""wednesday"": ""9:00-17:00""}",true
74,Eastern Townships Print,45.4042,-71.8929,"138 Rue Wellington N, Sherbrooke, QC",University Town,4.7,2025-06-18 22:27:22.0097+00,2025-06-21 10:58:18.340501+00,45.40420000,-71.89290000,,,,"{""dtg"": false, ""embroidery"": false, ""reused_apparel"": false, ""screen_printing"": true}","{""friday"": ""9:00-17:00"", ""monday"": ""9:00-17:00"", ""sunday"": ""closed"", ""tuesday"": ""9:00-17:00"", ""saturday"": ""10:00-15:00"", ""thursday"": ""9:00-17:00"", ""wednesday"": ""9:00-17:00""}",true
75,Fjord Print Co.,48.4284,-71.057,"249 Rue Racine E, Chicoutimi, QC",Scenic Region,4.6,2025-06-18 22:27:22.0097+00,2025-06-21 10:58:18.340501+00,48.42840000,-71.05700000,,,,"{""dtg"": false, ""embroidery"": false, ""reused_apparel"": false, ""screen_printing"": true}","{""friday"": ""9:00-17:00"", ""monday"": ""9:00-17:00"", ""sunday"": ""closed"", ""tuesday"": ""9:00-17:00"", ""saturday"": ""10:00-15:00"", ""thursday"": ""9:00-17:00"", ""wednesday"": ""9:00-17:00""}",true
76,Chaudière Print,46.8067,-71.1772,"360 Rue Président-Kennedy, Lévis, QC",South Shore,4.5,2025-06-18 22:27:22.0097+00,2025-06-21 10:58:18.340501+00,46.80670000,-71.17720000,,,,"{""dtg"": false, ""embroidery"": false, ""reused_apparel"": false, ""screen_printing"": true}","{""friday"": ""9:00-17:00"", ""monday"": ""9:00-17:00"", ""sunday"": ""closed"", ""tuesday"": ""9:00-17:00"", ""saturday"": ""10:00-15:00"", ""thursday"": ""9:00-17:00"", ""wednesday"": ""9:00-17:00""}",true
77,Mauricie Print Studio,46.3432,-72.5477,"471 Rue des Forges, Trois-Rivières, QC",Historic City,4.6,2025-06-18 22:27:22.0097+00,2025-06-21 10:58:18.340501+00,46.34320000,-72.54770000,,,,"{""dtg"": false, ""embroidery"": false, ""reused_apparel"": false, ""screen_printing"": true}","{""friday"": ""9:00-17:00"", ""monday"": ""9:00-17:00"", ""sunday"": ""closed"", ""tuesday"": ""9:00-17:00"", ""saturday"": ""10:00-15:00"", ""thursday"": ""9:00-17:00"", ""wednesday"": ""9:00-17:00""}",true
78,North Shore Print,45.7051,-73.647,"582 Boulevard des Seigneurs, Terrebonne, QC",Suburban Family,4.4,2025-06-18 22:27:22.0097+00,2025-06-21 10:58:18.340501+00,45.70510000,-73.64700000,,,,"{""dtg"": false, ""embroidery"": false, ""reused_apparel"": false, ""screen_printing"": true}","{""friday"": ""9:00-17:00"", ""monday"": ""9:00-17:00"", ""sunday"": ""closed"", ""tuesday"": ""9:00-17:00"", ""saturday"": ""10:00-15:00"", ""thursday"": ""9:00-17:00"", ""wednesday"": ""9:00-17:00""}",true
79,Escarpment Print,43.5183,-79.8774,"693 Main St E, Milton, ON",Growing Community,4.5,2025-06-18 22:27:22.0097+00,2025-06-21 10:58:18.340501+00,43.51830000,-79.87740000,,,,"{""dtg"": false, ""embroidery"": false, ""reused_apparel"": false, ""screen_printing"": true}","{""friday"": ""9:00-17:00"", ""monday"": ""9:00-17:00"", ""sunday"": ""closed"", ""tuesday"": ""9:00-17:00"", ""saturday"": ""10:00-15:00"", ""thursday"": ""9:00-17:00"", ""wednesday"": ""9:00-17:00""}",true
80,Hub City Print,46.0878,-64.7782,"804 Main St, Moncton, NB",Maritime Hub,4.7,2025-06-18 22:27:22.0097+00,2025-06-21 10:58:18.340501+00,46.08780000,-64.77820000,,,,"{""dtg"": false, ""embroidery"": false, ""reused_apparel"": false, ""screen_printing"": true}","{""friday"": ""9:00-17:00"", ""monday"": ""9:00-17:00"", ""sunday"": ""closed"", ""tuesday"": ""9:00-17:00"", ""saturday"": ""10:00-15:00"", ""thursday"": ""9:00-17:00"", ""wednesday"": ""9:00-17:00""}",true
81,Grand River Valley Print,43.1394,-80.2644,"915 Colborne St, Brantford, ON",Historic Telephone City,4.6,2025-06-18 22:27:22.0097+00,2025-06-21 10:58:18.340501+00,43.13940000,-80.26440000,,,,"{""dtg"": false, ""embroidery"": false, ""reused_apparel"": false, ""screen_printing"": true}","{""friday"": ""9:00-17:00"", ""monday"": ""9:00-17:00"", ""sunday"": ""closed"", ""tuesday"": ""9:00-17:00"", ""saturday"": ""10:00-15:00"", ""thursday"": ""9:00-17:00"", ""wednesday"": ""9:00-17:00""}",true
82,Richelieu Print Co.,45.3075,-73.2625,"126 Rue Saint-Jacques, Saint-Jean-sur-Richelieu, QC",Balloon Festival,4.5,2025-06-18 22:27:22.0097+00,2025-06-21 10:58:18.340501+00,45.30750000,-73.26250000,,,,"{""dtg"": false, ""embroidery"": false, ""reused_apparel"": false, ""screen_printing"": true}","{""friday"": ""9:00-17:00"", ""monday"": ""9:00-17:00"", ""sunday"": ""closed"", ""tuesday"": ""9:00-17:00"", ""saturday"": ""10:00-15:00"", ""thursday"": ""9:00-17:00"", ""wednesday"": ""9:00-17:00""}",true
83,Lanaudière Print,45.742,-73.45,"237 Rue Notre-Dame, Repentigny, QC",Riverside Community,4.4,2025-06-18 22:27:22.0097+00,2025-06-21 10:58:18.340501+00,45.74200000,-73.45000000,,,,"{""dtg"": false, ""embroidery"": false, ""reused_apparel"": false, ""screen_printing"": true}","{""friday"": ""9:00-17:00"", ""monday"": ""9:00-17:00"", ""sunday"": ""closed"", ""tuesday"": ""9:00-17:00"", ""saturday"": ""10:00-15:00"", ""thursday"": ""9:00-17:00"", ""wednesday"": ""9:00-17:00""}",true
84,Chinook Print Studio,49.6934,-112.8414,"348 5th St S, Lethbridge, AB",Prairie Winds,4.6,2025-06-18 22:27:22.0097+00,2025-06-21 10:58:18.340501+00,49.69340000,-112.84140000,,,,"{""dtg"": false, ""embroidery"": false, ""reused_apparel"": false, ""screen_printing"": true}","{""friday"": ""9:00-17:00"", ""monday"": ""9:00-17:00"", ""sunday"": ""closed"", ""tuesday"": ""9:00-17:00"", ""saturday"": ""10:00-15:00"", ""thursday"": ""9:00-17:00"", ""wednesday"": ""9:00-17:00""}",true
85,Harbour City Print,49.1659,-123.9401,"459 Fitzwilliam St, Nanaimo, BC",Island Life,4.7,2025-06-18 22:27:22.0097+00,2025-06-21 10:58:18.340501+00,49.16590000,-123.94010000,,,,"{""dtg"": false, ""embroidery"": false, ""reused_apparel"": false, ""screen_printing"": true}","{""friday"": ""9:00-17:00"", ""monday"": ""9:00-17:00"", ""sunday"": ""closed"", ""tuesday"": ""9:00-17:00"", ""saturday"": ""10:00-15:00"", ""thursday"": ""9:00-17:00"", ""wednesday"": ""9:00-17:00""}",true
86,Chemical Valley Print,42.9994,-82.3089,"570 Christina St N, Sarnia, ON",Industrial Heritage,4.5,2025-06-18 22:27:22.0097+00,2025-06-21 10:58:18.340501+00,42.99940000,-82.30890000,,,,"{""dtg"": false, ""embroidery"": false, ""reused_apparel"": false, ""screen_printing"": true}","{""friday"": ""9:00-17:00"", ""monday"": ""9:00-17:00"", ""sunday"": ""closed"", ""tuesday"": ""9:00-17:00"", ""saturday"": ""10:00-15:00"", ""thursday"": ""9:00-17:00"", ""wednesday"": ""9:00-17:00""}",true
87,Tournament Capital Print,50.6745,-120.3273,"681 Columbia St, Kamloops, BC",Sports Tourism,4.6,2025-06-18 22:27:22.0097+00,2025-06-21 10:58:18.340501+00,50.67450000,-120.32730000,,,,"{""dtg"": false, ""embroidery"": false, ""reused_apparel"": false, ""screen_printing"": true}","{""friday"": ""9:00-17:00"", ""monday"": ""9:00-17:00"", ""sunday"": ""closed"", ""tuesday"": ""9:00-17:00"", ""saturday"": ""10:00-15:00"", ""thursday"": ""9:00-17:00"", ""wednesday"": ""9:00-17:00""}",true
88,Châteauguay Print,45.3647,-73.7527,"792 Boulevard Saint-Jean-Baptiste, Châteauguay, QC",Suburban Montreal,4.4,2025-06-18 22:27:22.0097+00,2025-06-21 10:58:18.340501+00,45.36470000,-73.75270000,,,,"{""dtg"": false, ""embroidery"": false, ""reused_apparel"": false, ""screen_printing"": true}","{""friday"": ""9:00-17:00"", ""monday"": ""9:00-17:00"", ""sunday"": ""closed"", ""tuesday"": ""9:00-17:00"", ""saturday"": ""10:00-15:00"", ""thursday"": ""9:00-17:00"", ""wednesday"": ""9:00-17:00""}",true
89,Central Alberta Print,52.2681,-113.8112,"903 Gaetz Ave, Red Deer, AB",Central Location,4.5,2025-06-18 22:27:22.0097+00,2025-06-21 10:58:18.340501+00,52.26810000,-113.81120000,,,,"{""dtg"": false, ""embroidery"": false, ""reused_apparel"": false, ""screen_printing"": true}","{""friday"": ""9:00-17:00"", ""monday"": ""9:00-17:00"", ""sunday"": ""closed"", ""tuesday"": ""9:00-17:00"", ""saturday"": ""10:00-15:00"", ""thursday"": ""9:00-17:00"", ""wednesday"": ""9:00-17:00""}",true
90,Centre-du-Québec Print,45.8839,-72.4819,"114 Rue Hériot, Drummondville, QC",Textile Heritage,4.6,2025-06-18 22:27:22.0097+00,2025-06-21 10:58:18.340501+00,45.88390000,-72.48190000,,,,"{""dtg"": false, ""embroidery"": false, ""reused_apparel"": false, ""screen_printing"": true}","{""friday"": ""9:00-17:00"", ""monday"": ""9:00-17:00"", ""sunday"": ""closed"", ""tuesday"": ""9:00-17:00"", ""saturday"": ""10:00-15:00"", ""thursday"": ""9:00-17:00"", ""wednesday"": ""9:00-17:00""}",true
91,Oil Sands Print Co.,56.7267,-111.379,"225 Hardin St, Fort McMurray, AB",Resource Industry,4.7,2025-06-18 22:27:22.0097+00,2025-06-21 10:58:18.340501+00,56.72670000,-111.37900000,,,,"{""dtg"": false, ""embroidery"": false, ""reused_apparel"": false, ""screen_printing"": true}","{""friday"": ""9:00-17:00"", ""monday"": ""9:00-17:00"", ""sunday"": ""closed"", ""tuesday"": ""9:00-17:00"", ""saturday"": ""10:00-15:00"", ""thursday"": ""9:00-17:00"", ""wednesday"": ""9:00-17:00""}",true
92,Granby Print Studio,45.4036,-72.7342,"336 Rue Principale, Granby, QC",Zoo City,4.5,2025-06-18 22:27:22.0097+00,2025-06-21 10:58:18.340501+00,45.40360000,-72.73420000,,,,"{""dtg"": false, ""embroidery"": false, ""reused_apparel"": false, ""screen_printing"": true}","{""friday"": ""9:00-17:00"", ""monday"": ""9:00-17:00"", ""sunday"": ""closed"", ""tuesday"": ""9:00-17:00"", ""saturday"": ""10:00-15:00"", ""thursday"": ""9:00-17:00"", ""wednesday"": ""9:00-17:00""}",true
93,Gas City Print,50.0395,-110.6764,"447 3rd St SE, Medicine Hat, AB",Natural Gas Heritage,4.6,2025-06-18 22:27:22.0097+00,2025-06-21 10:58:18.340501+00,50.03950000,-110.67640000,,,,"{""dtg"": false, ""embroidery"": false, ""reused_apparel"": false, ""screen_printing"": true}","{""friday"": ""9:00-17:00"", ""monday"": ""9:00-17:00"", ""sunday"": ""closed"", ""tuesday"": ""9:00-17:00"", ""saturday"": ""10:00-15:00"", ""thursday"": ""9:00-17:00"", ""wednesday"": ""9:00-17:00""}",true
94,Maskoutains Print,45.6306,-72.9575,"558 Avenue Saint-Simon, Saint-Hyacinthe, QC",Agricultural Technology,4.4,2025-06-18 22:27:22.0097+00,2025-06-21 10:58:18.340501+00,45.63060000,-72.95750000,,,,"{""dtg"": false, ""embroidery"": false, ""reused_apparel"": false, ""screen_printing"": true}","{""friday"": ""9:00-17:00"", ""monday"": ""9:00-17:00"", ""sunday"": ""closed"", ""tuesday"": ""9:00-17:00"", ""saturday"": ""10:00-15:00"", ""thursday"": ""9:00-17:00"", ""wednesday"": ""9:00-17:00""}",true
95,Quartier DIX30 Print,45.4504,-73.4656,"669 Boulevard Taschereau, Brossard, QC",Shopping District,4.5,2025-06-18 22:27:22.0097+00,2025-06-21 10:58:18.340501+00,45.45040000,-73.46560000,,,,"{""dtg"": false, ""embroidery"": false, ""reused_apparel"": false, ""screen_printing"": true}","{""friday"": ""9:00-17:00"", ""monday"": ""9:00-17:00"", ""sunday"": ""closed"", ""tuesday"": ""9:00-17:00"", ""saturday"": ""10:00-15:00"", ""thursday"": ""9:00-17:00"", ""wednesday"": ""9:00-17:00""}",true
96,Mauricie Valley Print,46.5667,-72.75,"770 5e Rue, Shawinigan, QC",Hydroelectric Heritage,4.6,2025-06-18 22:27:22.0097+00,2025-06-21 10:58:18.340501+00,46.56670000,-72.75000000,,,,"{""dtg"": false, ""embroidery"": false, ""reused_apparel"": false, ""screen_printing"": true}","{""friday"": ""9:00-17:00"", ""monday"": ""9:00-17:00"", ""sunday"": ""closed"", ""tuesday"": ""9:00-17:00"", ""saturday"": ""10:00-15:00"", ""thursday"": ""9:00-17:00"", ""wednesday"": ""9:00-17:00""}",true
97,West Island Print,45.4942,-73.7947,"881 Tecumseh Rd, Dollard-des-Ormeaux, QC",Suburban Services,4.4,2025-06-18 22:27:22.0097+00,2025-06-21 10:58:18.340501+00,45.49420000,-73.79470000,,,,"{""dtg"": false, ""embroidery"": false, ""reused_apparel"": false, ""screen_printing"": true}","{""friday"": ""9:00-17:00"", ""monday"": ""9:00-17:00"", ""sunday"": ""closed"", ""tuesday"": ""9:00-17:00"", ""saturday"": ""10:00-15:00"", ""thursday"": ""9:00-17:00"", ""wednesday"": ""9:00-17:00""}",true
98,Laurentides Print Co.,45.6689,-73.8814,"992 Boulevard du Curé-Labelle, Blainville, QC",North Shore,4.5,2025-06-18 22:27:22.0097+00,2025-06-21 10:58:18.340501+00,45.66890000,-73.88140000,,,,"{""dtg"": false, ""embroidery"": false, ""reused_apparel"": false, ""screen_printing"": true}","{""friday"": ""9:00-17:00"", ""monday"": ""9:00-17:00"", ""sunday"": ""closed"", ""tuesday"": ""9:00-17:00"", ""saturday"": ""10:00-15:00"", ""thursday"": ""9:00-17:00"", ""wednesday"": ""9:00-17:00""}",true
99,Deux-Montagnes Print,45.5653,-73.9058,"103 Rue Saint-Eustache, Saint-Eustache, QC",Historic Town,4.6,2025-06-18 22:27:22.0097+00,2025-06-21 10:58:18.340501+00,45.56530000,-73.90580000,,,,"{""dtg"": false, ""embroidery"": false, ""reused_apparel"": false, ""screen_printing"": true}","{""friday"": ""9:00-17:00"", ""monday"": ""9:00-17:00"", ""sunday"": ""closed"", ""tuesday"": ""9:00-17:00"", ""saturday"": ""10:00-15:00"", ""thursday"": ""9:00-17:00"", ""wednesday"": ""9:00-17:00""}",true
100,Bas-Saint-Laurent Print,48.4489,-68.5361,"214 Avenue de la Cathédrale, Rimouski, QC",Maritime Culture,4.7,2025-06-18 22:27:22.0097+00,2025-06-21 10:58:18.340501+00,48.44890000,-68.53610000,,,,"{""dtg"": false, ""embroidery"": false, ""reused_apparel"": false, ""screen_printing"": true}","{""friday"": ""9:00-17:00"", ""monday"": ""9:00-17:00"", ""sunday"": ""closed"", ""tuesday"": ""9:00-17:00"", ""saturday"": ""10:00-15:00"", ""thursday"": ""9:00-17:00"", ""wednesday"": ""9:00-17:00""}",true